symmetric,input_dim,latent_dim,ratio,hidden_layers,seed,mse_mean,mse_std,mse_p95,mae_mean,mae_std
True,128,4,18.285714285714285,2,0,7.6600432,10.298546,21.126915359497026,2.070277,1.1736236
False,128,4,18.285714285714285,2,0,7.9748683,11.978254,25.224459075927733,2.0600755,1.2652987
True,128,4,18.285714285714285,2,1,6.703175,8.045848,23.751801300048815,1.9534906,1.0695945
False,128,4,18.285714285714285,2,1,7.966567,10.193708,24.40694236755368,2.0920131,1.2416877
True,128,4,18.285714285714285,2,2,7.0528717,6.4519706,19.257415771484375,2.0401719,1.0394346
False,128,4,18.285714285714285,2,2,9.890041,18.630108,27.617646026611318,2.299902,1.4811795
True,128,4,18.285714285714285,2,3,6.7185364,8.674391,20.632572555541987,1.9381616,1.1112027
False,128,4,18.285714285714285,2,3,8.33519,9.575004,26.339396667480464,2.1686745,1.1991239
True,128,4,18.285714285714285,2,4,6.3851266,6.695558,18.36796569824218,1.9002998,1.0011226
False,128,4,18.285714285714285,2,4,9.311385,17.017878,27.71269989013671,2.2289693,1.4024158
True,128,4,18.285714285714285,2,5,6.262465,6.679458,18.67166519165039,1.8969944,1.0069985
False,128,4,18.285714285714285,2,5,9.841726,14.309093,32.62164344787594,2.3074617,1.4353588
True,128,4,18.285714285714285,2,6,8.081987,8.837984,25.10688858032224,2.1554267,1.1593986
False,128,4,18.285714285714285,2,6,8.958242,17.646587,25.77475280761715,2.1713138,1.4172235
True,128,4,18.285714285714285,2,7,7.4394717,8.809601,19.85888290405272,2.0375197,1.1325127
False,128,4,18.285714285714285,2,7,10.229066,17.893091,28.773075866699184,2.3039358,1.5361067
True,128,4,18.285714285714285,2,8,7.373416,8.2920065,23.140106964111325,2.038903,1.1666137
False,128,4,18.285714285714285,2,8,9.298078,11.61399,26.84211463928222,2.302033,1.2998958
True,128,4,18.285714285714285,2,9,12.198437,26.072142,31.969884872436506,2.4805439,1.7466933
False,128,4,18.285714285714285,2,9,9.904663,14.009363,33.376303100585936,2.2907712,1.4766771
True,128,8,11.636363636363637,2,0,5.389409,6.4793634,18.515465927124005,1.7448766,1.065053
False,128,8,11.636363636363637,2,0,5.4883213,7.3990655,18.977650451660136,1.7350432,1.1191248
True,128,8,11.636363636363637,2,1,5.8973336,11.50169,15.745837402343746,1.7479315,1.2110045
False,128,8,11.636363636363637,2,1,5.217292,5.5844893,18.516699218749988,1.726319,0.95801586
True,128,8,11.636363636363637,2,2,6.7210793,8.433158,18.05390090942382,1.9504685,1.162367
False,128,8,11.636363636363637,2,2,5.366056,6.393581,18.105522918701165,1.7430792,1.065976
True,128,8,11.636363636363637,2,3,5.8254833,8.027225,20.04668655395506,1.7936343,1.1517884
False,128,8,11.636363636363637,2,3,5.661314,7.0268445,20.07458953857419,1.7651457,1.1027225
True,128,8,11.636363636363637,2,4,5.508059,7.1438317,16.424825668334957,1.7714484,1.0725387
False,128,8,11.636363636363637,2,4,6.7161603,8.4557,22.163753890991188,1.9207579,1.199923
True,128,8,11.636363636363637,2,5,5.597101,9.84631,15.777848243713368,1.7350577,1.1741716
False,128,8,11.636363636363637,2,5,5.637563,6.821856,19.29122390747068,1.7618933,1.0723491
True,128,8,11.636363636363637,2,6,5.3939133,5.7149234,15.662333679199218,1.7650139,0.9703216
False,128,8,11.636363636363637,2,6,5.4435754,6.4763327,15.297637557983396,1.7478954,1.0372583
True,128,8,11.636363636363637,2,7,6.2102695,7.6574316,18.56944236755369,1.8674085,1.1659021
False,128,8,11.636363636363637,2,7,5.16557,6.459414,16.83247718811035,1.686968,1.0730865
True,128,8,11.636363636363637,2,8,5.8842654,8.034979,21.817349624633785,1.7841359,1.1561424
False,128,8,11.636363636363637,2,8,5.293218,6.6220994,17.303553009033198,1.7372383,1.0327998
True,128,8,11.636363636363637,2,9,5.64516,8.922289,17.118024826049787,1.7457623,1.1398201
False,128,8,11.636363636363637,2,9,5.3090477,6.4055414,16.384578132629382,1.7219688,1.0370377
True,128,16,6.7368421052631575,2,0,4.268516,9.170078,10.826362609863272,1.5031092,1.1061695
False,128,16,6.7368421052631575,2,0,5.126941,7.693579,16.883435058593744,1.6595837,1.1585557
True,128,16,6.7368421052631575,2,1,4.138096,5.81586,15.123563575744619,1.5243243,0.9853161
False,128,16,6.7368421052631575,2,1,4.722913,6.2836165,16.15769538879392,1.6356133,1.0268056
True,128,16,6.7368421052631575,2,2,5.1557403,8.569251,16.215729141235343,1.6924293,1.1200501
False,128,16,6.7368421052631575,2,2,4.9211516,5.875204,15.676308250427235,1.7009201,1.0053688
True,128,16,6.7368421052631575,2,3,4.513353,6.1194606,14.401982116699207,1.5976232,1.0251491
False,128,16,6.7368421052631575,2,3,5.483903,9.117372,21.19277496337885,1.6965153,1.1907345
True,128,16,6.7368421052631575,2,4,5.0273085,6.35855,18.446631240844724,1.6823801,1.0915571
False,128,16,6.7368421052631575,2,4,5.154612,7.348549,17.20440750122069,1.6766858,1.1157945
True,128,16,6.7368421052631575,2,5,4.215268,9.470206,13.247388648986792,1.460111,1.1386659
False,128,16,6.7368421052631575,2,5,4.163169,5.1277757,12.7010570526123,1.5521383,0.9336289
True,128,16,6.7368421052631575,2,6,5.874785,7.9496875,25.24003028869628,1.7897869,1.1906235
False,128,16,6.7368421052631575,2,6,5.150383,6.580078,20.233611297607368,1.7114655,1.0970632
True,128,16,6.7368421052631575,2,7,4.696706,10.16018,15.7277612686157,1.5623449,1.1525059
False,128,16,6.7368421052631575,2,7,5.222662,6.665489,17.477128219604488,1.7208582,1.09268
True,128,16,6.7368421052631575,2,8,4.757627,6.661474,14.4330451965332,1.6365253,1.0784683
False,128,16,6.7368421052631575,2,8,4.743665,5.917261,15.034483718872064,1.6487578,1.0393627
True,128,16,6.7368421052631575,2,9,5.03163,9.608103,17.48366317749021,1.6009251,1.2504653
False,128,16,6.7368421052631575,2,9,5.121358,8.9319935,15.83214111328124,1.6480544,1.1799909
True,128,32,3.657142857142857,2,0,1.8665668,3.2286098,5.607193374633785,0.98256165,0.64235
False,128,32,3.657142857142857,2,0,2.7442975,5.899592,9.124961471557615,1.1615392,0.8969745
True,128,32,3.657142857142857,2,1,1.408056,2.5033984,4.5326522827148406,0.8630433,0.560472
False,128,32,3.657142857142857,2,1,2.6385357,5.6198225,7.822338676452636,1.140051,0.8256104
True,128,32,3.657142857142857,2,2,1.4621242,2.9937096,4.200252389907827,0.857226,0.60061
False,128,32,3.657142857142857,2,2,1.6805054,3.0566397,4.536358642578123,0.9245623,0.63598764
True,128,32,3.657142857142857,2,3,2.499913,3.1994202,7.597712230682366,1.1796817,0.71291715
False,128,32,3.657142857142857,2,3,2.7623143,5.9880567,10.300176811218245,1.1620817,0.93003833
True,128,32,3.657142857142857,2,4,1.5914339,2.9572666,4.294451522827147,0.89167255,0.6389724
False,128,32,3.657142857142857,2,4,2.6308537,3.6372933,9.924353408813474,1.1709925,0.7533193
True,128,32,3.657142857142857,2,5,1.705876,2.5739977,6.265140914916992,0.9332707,0.6099315
False,128,32,3.657142857142857,2,5,2.358635,5.5513525,7.134789848327623,1.0297066,0.8373031
True,128,32,3.657142857142857,2,6,1.8014582,3.562187,6.715904331207275,0.93865997,0.68685144
False,128,32,3.657142857142857,2,6,2.0583758,2.8040922,5.999366569519038,1.0549847,0.6605442
True,128,32,3.657142857142857,2,7,2.510092,8.46865,7.811562347412085,1.0361979,0.92165047
False,128,32,3.657142857142857,2,7,3.3474166,9.298983,11.85218467712402,1.2383575,1.050862
True,128,32,3.657142857142857,2,8,1.5810565,2.994288,4.718485832214349,0.914964,0.6195768
False,128,32,3.657142857142857,2,8,2.3027956,4.9024725,7.304478263854974,1.0431489,0.76701236
True,128,32,3.657142857142857,2,9,2.5481427,3.934143,10.77942924499511,1.152028,0.79579216
False,128,32,3.657142857142857,2,9,1.672402,2.7342043,5.131908988952635,0.9337151,0.643111
True,128,64,1.9104477611940298,2,0,1.4455849,2.9249578,5.093532371520996,0.8216718,0.6066169
False,128,64,1.9104477611940298,2,0,1.6904681,5.128886,4.8986008644103824,0.80695665,0.7136753
True,128,64,1.9104477611940298,2,1,1.9977733,7.158536,7.016178703308105,0.8390564,0.8510737
False,128,64,1.9104477611940298,2,1,2.0502563,5.570028,7.002142143249495,0.9290871,0.7962563
True,128,64,1.9104477611940298,2,2,1.7847507,3.7196767,5.1103390693664466,0.914624,0.65371805
False,128,64,1.9104477611940298,2,2,1.61677,3.9536197,4.581389427185056,0.84531236,0.655585
True,128,64,1.9104477611940298,2,3,1.7262629,5.5114474,6.829203128814678,0.79711986,0.7843942
False,128,64,1.9104477611940298,2,3,2.3383577,6.7881684,11.88036918640129,0.92659265,0.8782974
True,128,64,1.9104477611940298,2,4,2.605223,4.1904035,6.8391519546508786,1.1259934,0.72804993
False,128,64,1.9104477611940298,2,4,1.2455993,2.4036365,3.6289529800414986,0.79294294,0.5398336
True,128,64,1.9104477611940298,2,5,1.5013005,3.7733412,4.988981342315666,0.82763994,0.634002
False,128,64,1.9104477611940298,2,5,2.2902284,7.0003424,7.539601707458495,0.92488015,0.8768542
True,128,64,1.9104477611940298,2,6,1.4507189,3.3992004,4.50097675323486,0.8200291,0.6357124
False,128,64,1.9104477611940298,2,6,1.7836448,6.838376,3.8839786052703764,0.8394318,0.781596
True,128,64,1.9104477611940298,2,7,1.258856,3.2069538,3.3398660659790025,0.7515702,0.584574
False,128,64,1.9104477611940298,2,7,2.5368426,5.525096,7.584961891174313,1.0888656,0.7889826
True,128,64,1.9104477611940298,2,8,1.2561084,3.101603,3.6991246223449683,0.768476,0.576521
False,128,64,1.9104477611940298,2,8,2.1234922,5.7311683,5.934720516204833,0.93553275,0.7998
True,128,64,1.9104477611940298,2,9,1.7962414,2.6561077,5.608568382263179,0.94207877,0.6064951
False,128,64,1.9104477611940298,2,9,2.7083936,3.886724,8.53249416351318,1.2132041,0.7673057
True,256,4,36.57142857142857,2,0,18.21106,38.234604,47.66334114074705,3.037296,2.1944194
False,256,4,36.57142857142857,2,0,29.917114,112.22219,59.933632850646916,3.2290463,3.5458393
True,256,4,36.57142857142857,2,1,17.222275,18.435505,56.265465354919414,3.1464527,1.7651455
False,256,4,36.57142857142857,2,1,23.450048,64.21154,66.53039817810043,3.158939,2.7968037
True,256,4,36.57142857142857,2,2,15.982961,24.063873,51.09886703491199,2.904674,1.8662384
False,256,4,36.57142857142857,2,2,31.446728,133.79555,59.87672500610348,3.2675953,3.6707866
True,256,4,36.57142857142857,2,3,26.518957,38.295082,104.76730422973623,3.744613,2.486751
False,256,4,36.57142857142857,2,3,25.545448,72.56266,65.1187591552734,3.2801924,2.9579384
True,256,4,36.57142857142857,2,4,32.040146,96.6683,51.748126602172846,3.8401978,3.1609836
False,256,4,36.57142857142857,2,4,29.211025,85.235275,72.93844261169428,3.4611871,3.2419696
True,256,4,36.57142857142857,2,5,18.152727,20.828781,47.83212585449217,3.2732277,1.7168852
False,256,4,36.57142857142857,2,5,55.624912,296.4413,101.56006393432605,3.9132206,5.231585
True,256,4,36.57142857142857,2,6,23.080658,36.742916,61.36732101440426,3.4852393,2.2669039
False,256,4,36.57142857142857,2,6,33.683666,93.99547,75.7979438781738,3.6970556,3.473245
True,256,4,36.57142857142857,2,7,17.503042,37.051273,47.10754470825193,2.998826,2.0578058
False,256,4,36.57142857142857,2,7,25.928616,56.739983,101.10469741821262,3.470044,2.7379358
True,256,4,36.57142857142857,2,8,24.051447,29.484655,80.41463966369628,3.6502707,2.1966815
False,256,4,36.57142857142857,2,8,24.647226,83.119125,64.24170646667463,3.1752474,2.9531527
True,256,4,36.57142857142857,2,9,45.557106,205.88028,79.15148277282712,4.0212774,4.34075
False,256,4,36.57142857142857,2,9,29.134369,99.10949,52.38892383575435,3.3092666,3.342512
True,256,8,23.272727272727273,2,0,16.508621,31.705744,39.96880779266357,3.0067728,1.9193405
False,256,8,23.272727272727273,2,0,24.977173,63.61653,68.68414726257318,3.4211524,2.757835
True,256,8,23.272727272727273,2,1,11.57531,14.951548,38.60200347900387,2.501774,1.4754728
False,256,8,23.272727272727273,2,1,13.8429985,21.749828,36.21312894821159,2.7531576,1.6613913
True,256,8,23.272727272727273,2,2,17.571295,39.935215,51.264088630676255,2.9068537,2.2491543
False,256,8,23.272727272727273,2,2,21.974232,42.98936,84.09581260681132,3.2972355,2.45075
True,256,8,23.272727272727273,2,3,11.976618,19.559978,35.943756675720174,2.5616398,1.6020889
False,256,8,23.272727272727273,2,3,18.804369,41.550884,57.33601570129383,2.9602118,2.3531468
True,256,8,23.272727272727273,2,4,14.3747225,25.585888,48.766991043090776,2.7212086,1.8641571
False,256,8,23.272727272727273,2,4,21.926853,62.892986,56.893799972534126,3.0895548,2.707824
True,256,8,23.272727272727273,2,5,13.559964,22.469004,51.41399574279783,2.669979,1.7570902
False,256,8,23.272727272727273,2,5,15.1344385,23.284292,51.81997432708738,2.8111904,1.882731
True,256,8,23.272727272727273,2,6,15.282368,20.22432,51.38309745788567,2.9091036,1.7730482
False,256,8,23.272727272727273,2,6,20.07141,45.86464,61.76890201568599,3.0416014,2.4734936
True,256,8,23.272727272727273,2,7,18.78584,67.51151,47.36476135253902,2.8608408,2.512493
False,256,8,23.272727272727273,2,7,26.978655,69.6242,74.72142200469952,3.6071086,2.7970665
True,256,8,23.272727272727273,2,8,15.98651,19.534212,42.11439914703367,2.9963484,1.750095
False,256,8,23.272727272727273,2,8,14.491006,30.879665,53.03920955657938,2.6942234,1.921335
True,256,8,23.272727272727273,2,9,14.736933,22.802149,55.96006469726559,2.7554946,1.8867075
False,256,8,23.272727272727273,2,9,16.106579,38.930004,46.69517841339106,2.704475,2.203312
True,256,16,13.473684210526315,2,0,14.357752,25.520906,41.279770088195775,2.7584913,1.8942728
False,256,16,13.473684210526315,2,0,21.236677,58.495377,48.69300174713133,3.2515357,2.400347
True,256,16,13.473684210526315,2,1,14.608231,15.620894,42.89701309204096,2.953724,1.534625
False,256,16,13.473684210526315,2,1,19.241386,53.465942,56.39929485321041,3.0058737,2.365616
True,256,16,13.473684210526315,2,2,10.943246,15.41379,35.717660331726016,2.433696,1.5382099
False,256,16,13.473684210526315,2,2,17.06339,39.2642,53.42193775176999,2.759559,2.3879855
True,256,16,13.473684210526315,2,3,17.79471,56.376926,53.534385681152266,2.87683,2.3622382
False,256,16,13.473684210526315,2,3,13.053882,20.379057,54.507968521118045,2.6314964,1.7161913
True,256,16,13.473684210526315,2,4,14.486545,24.082855,67.7531829833984,2.7031956,1.9117016
False,256,16,13.473684210526315,2,4,14.577102,38.544197,44.202198028564446,2.562528,2.1262515
True,256,16,13.473684210526315,2,5,13.160677,22.116354,56.25200214385972,2.584443,1.8565136
False,256,16,13.473684210526315,2,5,17.430437,42.312817,54.26272697448726,2.7717786,2.384561
True,256,16,13.473684210526315,2,6,14.168533,36.107826,45.49057140350334,2.5497277,2.1248634
False,256,16,13.473684210526315,2,6,15.594021,32.604492,67.3093315124511,2.707626,2.1802218
True,256,16,13.473684210526315,2,7,14.441484,32.736713,38.02194538116452,2.6136267,2.0751321
False,256,16,13.473684210526315,2,7,16.719889,46.743828,50.26527843475333,2.7022302,2.3527467
True,256,16,13.473684210526315,2,8,15.242446,38.158646,40.70624542236322,2.725589,2.0624504
False,256,16,13.473684210526315,2,8,18.300161,36.3429,72.26221008300774,2.906903,2.3969393
True,256,16,13.473684210526315,2,9,16.846579,24.883959,56.85263652801509,3.0220852,1.9414467
False,256,16,13.473684210526315,2,9,15.295576,27.82169,56.43452033996574,2.6990607,2.0640867
True,256,32,7.314285714285714,2,0,13.760403,23.564528,59.05846557617187,2.6134686,1.941701
False,256,32,7.314285714285714,2,0,10.603073,20.00142,36.73482723236078,2.3224857,1.6842384
True,256,32,7.314285714285714,2,1,15.231019,29.35002,45.41670970916738,2.8472853,1.9655708
False,256,32,7.314285714285714,2,1,20.503424,34.63556,57.48475418090817,3.3575213,2.2527006
True,256,32,7.314285714285714,2,2,10.259651,11.693766,32.41056890487667,2.4630537,1.3509684
False,256,32,7.314285714285714,2,2,10.552324,21.34201,43.05498504638671,2.2538035,1.7536287
True,256,32,7.314285714285714,2,3,12.25816,32.824238,35.59166297912589,2.4190683,1.9383137
False,256,32,7.314285714285714,2,3,8.856392,19.294825,25.534943294525128,2.0756836,1.5871723
True,256,32,7.314285714285714,2,4,10.739311,21.156061,31.478214263915923,2.2709935,1.7643987
False,256,32,7.314285714285714,2,4,16.197176,42.432137,48.18592205047603,2.7606487,2.2606828
True,256,32,7.314285714285714,2,5,18.435928,29.2686,63.17306423187238,3.206238,2.027087
False,256,32,7.314285714285714,2,5,11.475858,29.640568,34.846825408935516,2.3027775,1.9374695
True,256,32,7.314285714285714,2,6,10.686323,25.616,25.683711147308337,2.3056972,1.7520062
False,256,32,7.314285714285714,2,6,15.253441,35.029934,65.21897544860828,2.5761774,2.2992163
True,256,32,7.314285714285714,2,7,15.306917,34.330772,43.033703613281226,2.821165,2.0353262
False,256,32,7.314285714285714,2,7,11.604231,19.361074,47.973601150512614,2.4334028,1.7540743
True,256,32,7.314285714285714,2,8,13.186015,16.959093,45.19925270080562,2.7863991,1.6519172
False,256,32,7.314285714285714,2,8,15.855325,49.24527,50.50393867492662,2.5595763,2.4414082
True,256,32,7.314285714285714,2,9,10.941546,19.58513,39.00593280792229,2.40046,1.7069572
False,256,32,7.314285714285714,2,9,21.272516,92.39529,43.631429004668945,2.6177006,3.0905592
True,256,64,3.8208955223880596,2,0,7.6251125,12.925227,23.016285991668685,1.9642252,1.3487377
False,256,64,3.8208955223880596,2,0,8.758273,14.193566,26.503374862670878,2.1535408,1.4320031
True,256,64,3.8208955223880596,2,1,10.721465,21.517853,39.255914688110146,2.2582982,1.7441685
False,256,64,3.8208955223880596,2,1,9.211629,12.262435,28.13973960876461,2.252982,1.3537421
True,256,64,3.8208955223880596,2,2,7.767155,11.965113,28.76194801330558,1.981947,1.3376461
False,256,64,3.8208955223880596,2,2,8.621187,16.693802,18.406259155273435,2.1108646,1.4472274
True,256,64,3.8208955223880596,2,3,9.533148,15.945306,33.7804010391235,2.2378356,1.4879992
False,256,64,3.8208955223880596,2,3,8.571831,16.895296,29.444370365142802,1.9909874,1.5820445
True,256,64,3.8208955223880596,2,4,18.510508,30.823341,58.50971279144287,3.1688304,2.1212833
False,256,64,3.8208955223880596,2,4,11.567626,26.696995,40.83797454833981,2.3138638,1.8918554
True,256,64,3.8208955223880596,2,5,10.864146,16.816109,41.02634468078613,2.4237907,1.5959138
False,256,64,3.8208955223880596,2,5,7.4236927,12.441425,25.27084817886348,1.9187438,1.3515371
True,256,64,3.8208955223880596,2,6,11.642475,18.043243,38.923310852050776,2.5273309,1.6290607
False,256,64,3.8208955223880596,2,6,14.394761,17.872868,33.936554145812956,2.9325058,1.6480548
True,256,64,3.8208955223880596,2,7,12.420083,27.916632,50.487096023559396,2.3930113,1.984953
False,256,64,3.8208955223880596,2,7,8.496814,12.817781,28.70265121459958,2.142689,1.3273354
True,256,64,3.8208955223880596,2,8,10.414624,23.985052,28.69751806259155,2.176867,1.742111
False,256,64,3.8208955223880596,2,8,8.376915,20.50874,18.026015758514376,1.9740566,1.5757334
True,256,64,3.8208955223880596,2,9,10.432072,22.028212,37.478693008422816,2.2610497,1.7131132
False,256,64,3.8208955223880596,2,9,9.976829,18.503807,27.908928298950194,2.2319925,1.5853355
True,512,4,73.14285714285714,2,0,65.88076,125.95913,155.6193618774414,5.896815,4.0777545
False,512,4,73.14285714285714,2,0,133.03423,371.51785,436.1515655517578,7.0468707,7.2259035
True,512,4,73.14285714285714,2,1,43.6516,56.57739,131.2026252746582,4.947877,2.8774
False,512,4,73.14285714285714,2,1,118.79471,162.32257,386.59547424316406,8.018419,5.1324873
True,512,4,73.14285714285714,2,2,27.302324,34.52746,75.1438217163086,3.8902252,2.1590188
False,512,4,73.14285714285714,2,2,390.90985,2218.9448,268.0957946777344,8.397617,15.082551
True,512,4,73.14285714285714,2,3,54.756687,71.82397,133.12496185302734,5.4385033,3.3994112
False,512,4,73.14285714285714,2,3,401.29837,2275.034,275.3916244506836,8.434634,15.273108
True,512,4,73.14285714285714,2,4,100.09537,167.30241,367.34796142578125,6.784732,5.626639
False,512,4,73.14285714285714,2,4,90.07595,291.1991,250.47847747802734,5.7589784,5.97387
True,512,4,73.14285714285714,2,5,146.75607,629.65424,213.41781616210938,6.8743196,7.9981785
False,512,4,73.14285714285714,2,5,90.076126,401.66278,133.59940719604492,5.0990076,6.631454
True,512,4,73.14285714285714,2,6,193.1642,1013.5045,164.46196746826172,6.8787603,10.043172
False,512,4,73.14285714285714,2,6,83.239365,319.4798,125.12223052978516,5.5023036,5.92727
True,512,4,73.14285714285714,2,7,35.652973,46.0714,145.13676071166992,4.4310155,2.795761
False,512,4,73.14285714285714,2,7,78.776566,249.544,215.60171508789062,5.514745,5.502944
True,512,4,73.14285714285714,2,8,51.174747,52.949165,117.12294006347656,5.4506574,2.861807
False,512,4,73.14285714285714,2,8,61.79484,176.4084,172.55569458007812,5.0836425,4.771954
True,512,4,73.14285714285714,2,9,35.224216,42.936153,106.07354736328125,4.41697,2.3540854
False,512,4,73.14285714285714,2,9,489.06854,2803.5278,410.1126403808594,9.285555,16.836
True,512,8,46.54545454545455,2,0,35.98732,62.122814,87.32098007202148,4.3682737,2.8978236
False,512,8,46.54545454545455,2,0,55.17663,85.02391,211.64117431640625,5.232982,3.9056063
True,512,8,46.54545454545455,2,1,39.936134,74.63493,87.5778694152832,4.619153,3.0449686
False,512,8,46.54545454545455,2,1,81.010864,326.2952,168.36971282958984,5.2444935,5.9578185
True,512,8,46.54545454545455,2,2,45.159107,84.10734,126.10073852539062,4.6905055,3.5985987
False,512,8,46.54545454545455,2,2,85.311584,334.28943,107.80193328857422,5.5113873,5.943972
True,512,8,46.54545454545455,2,3,41.84836,81.51748,96.73247909545898,4.5987716,3.2711675
False,512,8,46.54545454545455,2,3,95.718895,292.73773,176.39622497558594,6.314643,5.8798904
True,512,8,46.54545454545455,2,4,29.219368,40.00999,89.27962112426758,3.9139097,2.5083725
False,512,8,46.54545454545455,2,4,108.863235,459.5141,166.79676055908203,5.701489,7.173035
True,512,8,46.54545454545455,2,5,28.698109,27.195864,74.76919174194336,4.1357713,2.021268
False,512,8,46.54545454545455,2,5,213.54965,1200.1326,167.02322387695312,6.3419876,11.121358
True,512,8,46.54545454545455,2,6,41.143974,73.1143,135.01331329345703,4.4857073,3.4539669
False,512,8,46.54545454545455,2,6,60.450325,224.78369,70.45872497558594,4.887459,4.7610884
True,512,8,46.54545454545455,2,7,61.22287,91.44544,244.69638061523438,5.6514,4.0413094
False,512,8,46.54545454545455,2,7,79.584724,332.4623,115.49674987792969,5.160498,5.891039
True,512,8,46.54545454545455,2,8,51.63628,108.72955,133.41460418701172,4.895256,3.789674
False,512,8,46.54545454545455,2,8,66.24729,153.48396,167.0791473388672,5.466983,4.600014
True,512,8,46.54545454545455,2,9,92.53438,194.11559,248.5568618774414,6.636985,5.128159
False,512,8,46.54545454545455,2,9,65.031906,217.32198,155.37589263916016,5.0736427,4.970882
True,512,16,26.94736842105263,2,0,42.22312,44.96508,122.97266006469727,4.879572,2.8202238
False,512,16,26.94736842105263,2,0,109.598625,561.8037,101.03014755249023,5.129444,7.6949296
True,512,16,26.94736842105263,2,1,28.229475,41.593506,78.33222389221191,3.977045,2.2751431
False,512,16,26.94736842105263,2,1,138.3653,432.972,286.42394256591797,7.6031914,6.972169
True,512,16,26.94736842105263,2,2,44.12265,91.65008,81.42594528198242,4.6314025,3.5232933
False,512,16,26.94736842105263,2,2,124.52654,393.89352,259.7803421020508,7.2846,6.497432
True,512,16,26.94736842105263,2,3,45.984257,140.12083,85.9084587097168,4.3290105,3.9812849
False,512,16,26.94736842105263,2,3,38.00052,67.48636,107.27680206298828,4.5298643,2.8904953
True,512,16,26.94736842105263,2,4,26.398354,33.989044,83.90053939819336,3.80112,2.3046525
False,512,16,26.94736842105263,2,4,97.70688,349.52292,205.6742172241211,5.9002523,6.4487
True,512,16,26.94736842105263,2,5,56.945763,166.8214,129.26589965820312,4.761331,4.526247
False,512,16,26.94736842105263,2,5,45.777176,106.9005,134.68262481689453,4.5635324,3.7467816
True,512,16,26.94736842105263,2,6,37.061573,72.4942,106.40270233154297,4.3237333,3.0950146
False,512,16,26.94736842105263,2,6,58.607475,209.33214,116.09872436523438,4.6119246,4.926091
True,512,16,26.94736842105263,2,7,37.641994,51.503902,142.60879516601562,4.4430323,2.8467019
False,512,16,26.94736842105263,2,7,54.578255,142.95242,151.29950714111328,4.9998913,4.1862445
True,512,16,26.94736842105263,2,8,77.583206,135.07433,235.56194305419922,6.3266015,4.4621773
False,512,16,26.94736842105263,2,8,72.208435,197.47725,167.0559844970703,5.662053,4.94726
True,512,16,26.94736842105263,2,9,30.911642,45.727257,63.475053787231445,4.254342,2.2791831
False,512,16,26.94736842105263,2,9,48.25271,99.81506,133.95138549804688,4.817915,3.7492487
True,512,32,14.628571428571428,2,0,83.76442,96.439896,200.4668426513672,7.054214,3.5355132
False,512,32,14.628571428571428,2,0,37.821815,130.29985,63.12577819824219,3.7875347,3.863051
True,512,32,14.628571428571428,2,1,35.286068,42.982998,115.82518768310547,4.3977785,2.5610561
False,512,32,14.628571428571428,2,1,39.55215,149.95012,54.04585838317871,3.8649619,3.9778073
True,512,32,14.628571428571428,2,2,46.667007,47.292805,120.42000198364258,5.1825533,2.8101382
False,512,32,14.628571428571428,2,2,94.723495,438.04733,89.40867614746094,5.4243336,6.651201
True,512,32,14.628571428571428,2,3,36.434875,90.838844,113.568115234375,3.9711113,3.4831645
False,512,32,14.628571428571428,2,3,40.85704,121.50142,76.94636535644531,4.2009964,3.6826873
True,512,32,14.628571428571428,2,4,43.877556,151.9178,77.35868835449219,4.132071,4.1547527
False,512,32,14.628571428571428,2,4,51.567024,207.83412,57.57528877258301,4.3113575,4.621985
True,512,32,14.628571428571428,2,5,26.32363,25.10052,72.36255264282227,3.90178,1.8731353
False,512,32,14.628571428571428,2,5,38.278183,146.93002,57.03359031677246,3.7135353,3.9958103
True,512,32,14.628571428571428,2,6,35.472343,40.551716,137.36329650878906,4.446077,2.592039
False,512,32,14.628571428571428,2,6,48.85948,137.1209,171.95552825927734,4.4743648,4.196632
True,512,32,14.628571428571428,2,7,27.821384,31.178476,65.17778587341309,4.084422,2.0412555
False,512,32,14.628571428571428,2,7,52.00257,168.03654,77.30257797241211,4.688598,4.330247
True,512,32,14.628571428571428,2,8,37.210876,55.944126,137.50286865234375,4.427738,2.994696
False,512,32,14.628571428571428,2,8,96.47385,480.78745,128.68510055541992,4.9264245,6.9967513
True,512,32,14.628571428571428,2,9,45.229828,157.22939,54.3222770690918,4.273257,4.069009
False,512,32,14.628571428571428,2,9,34.20271,108.741066,59.76830863952637,3.7300887,3.5391514
True,512,64,7.641791044776119,2,0,30.081871,50.84545,74.96025085449219,3.9484625,2.7462258
False,512,64,7.641791044776119,2,0,31.48016,72.80824,105.53363037109375,3.6593077,3.2424657
True,512,64,7.641791044776119,2,1,30.506132,38.504707,117.81378173828125,4.1377735,2.4569137
False,512,64,7.641791044776119,2,1,29.278574,67.65946,91.96096420288086,3.6672308,3.0255597
True,512,64,7.641791044776119,2,2,25.180626,29.44256,70.42140197753906,3.845811,2.1826618
False,512,64,7.641791044776119,2,2,58.20282,223.89699,71.82587432861328,4.597091,4.9194117
True,512,64,7.641791044776119,2,3,17.12163,15.048619,48.41212844848633,3.1620216,1.4215195
False,512,64,7.641791044776119,2,3,24.93053,65.55493,46.031578063964844,3.4180732,2.756142
True,512,64,7.641791044776119,2,4,41.41979,58.548054,92.79603576660156,4.773769,3.0171716
False,512,64,7.641791044776119,2,4,26.02708,39.303867,92.02632141113281,3.6563964,2.4929729
True,512,64,7.641791044776119,2,5,19.003468,19.71349,72.25962829589844,3.3315344,1.6541823
False,512,64,7.641791044776119,2,5,21.184464,37.687237,56.50761604309082,3.3092196,2.2301521
True,512,64,7.641791044776119,2,6,27.330667,34.093067,73.37414932250977,3.9465904,2.1172578
False,512,64,7.641791044776119,2,6,27.651003,33.207726,91.89057159423828,3.9300728,2.270773
True,512,64,7.641791044776119,2,7,26.887808,41.3232,71.9032096862793,3.8293676,2.3314393
False,512,64,7.641791044776119,2,7,21.969599,29.548496,73.98019409179688,3.4008923,2.218971
True,512,64,7.641791044776119,2,8,24.56876,36.768536,79.51298141479492,3.577313,2.4598575
False,512,64,7.641791044776119,2,8,23.28785,32.7669,80.88710021972656,3.4723232,2.376319
True,512,64,7.641791044776119,2,9,21.315588,20.974508,65.17393493652344,3.5676045,1.8275031
False,512,64,7.641791044776119,2,9,49.134563,228.9004,51.320363998413086,3.823909,4.8614206
True,1024,4,146.28571428571428,2,0,165.85434,223.59682,545.1338562011716,9.1463,6.2542334
False,1024,4,146.28571428571428,2,0,807.8777,2389.4324,1887.0722900390583,16.473618,18.41392
True,1024,4,146.28571428571428,2,1,196.8362,544.08765,379.6914978027341,8.4379635,8.854236
False,1024,4,146.28571428571428,2,1,541.7683,1409.7443,3566.4524414062416,12.555851,15.733618
True,1024,4,146.28571428571428,2,2,109.40733,325.02927,162.48634643554678,6.3870726,6.530497
False,1024,4,146.28571428571428,2,2,133.10522,274.8631,389.3263000488272,7.8785286,6.1140976
True,1024,4,146.28571428571428,2,3,283.20267,1210.0223,157.35457458496063,7.3270206,12.831915
False,1024,4,146.28571428571428,2,3,360.0247,1066.8142,816.5259399414062,10.983279,12.222623
True,1024,4,146.28571428571428,2,4,528.7062,733.38336,1432.270019531248,17.160406,9.740974
False,1024,4,146.28571428571428,2,4,443.5458,933.8904,2857.211767578119,13.109378,12.7302475
True,1024,4,146.28571428571428,2,5,179.58714,203.47113,478.0881103515622,10.266453,5.5741277
False,1024,4,146.28571428571428,2,5,1267.4694,4177.542,1810.4940429687476,19.261786,24.29758
True,1024,4,146.28571428571428,2,6,202.11441,598.6647,479.7654724121089,8.224161,9.233497
False,1024,4,146.28571428571428,2,6,717.2368,1054.8662,3308.8044433593723,17.544262,15.095956
True,1024,4,146.28571428571428,2,7,112.45264,175.84952,521.9771606445304,7.3762145,5.3737473
False,1024,4,146.28571428571428,2,7,540.2392,1481.4982,2640.701611328117,13.13014,15.4974
True,1024,4,146.28571428571428,2,8,366.8094,1228.1046,434.46075439453114,10.1030035,12.734132
False,1024,4,146.28571428571428,2,8,345.04214,1178.4956,516.4543945312499,9.962391,12.788392
True,1024,4,146.28571428571428,2,9,317.82336,484.9987,865.2048461914055,12.440936,8.636632
False,1024,4,146.28571428571428,2,9,554.92847,1259.006,2370.146679687495,14.510728,14.521501
True,1024,8,93.0909090909091,2,0,183.53197,299.41415,635.263586425781,9.401292,7.235147
False,1024,8,93.0909090909091,2,0,510.2973,1906.2163,872.0733642578114,11.0353365,16.366959
True,1024,8,93.0909090909091,2,1,234.62762,586.9521,602.7689331054686,9.3304615,9.575106
False,1024,8,93.0909090909091,2,1,726.76685,2516.855,2718.7475585937427,12.650408,19.764292
True,1024,8,93.0909090909091,2,2,359.3172,643.07574,1859.9867675781213,12.351921,10.765319
False,1024,8,93.0909090909091,2,2,2738.8252,12388.924,1233.762866210937,18.041662,41.7989
True,1024,8,93.0909090909091,2,3,109.25102,208.96812,364.04458007812457,7.2498827,5.701317
False,1024,8,93.0909090909091,2,3,698.1331,2459.697,1060.8189208984365,13.458108,18.625761
True,1024,8,93.0909090909091,2,4,272.48816,724.07104,720.9551879882804,9.772033,10.637581
False,1024,8,93.0909090909091,2,4,443.21188,1744.2697,645.1208068847644,9.671711,15.684726
True,1024,8,93.0909090909091,2,5,563.63947,2014.2866,639.3808593749998,12.349256,16.572685
False,1024,8,93.0909090909091,2,5,765.22186,2486.6555,2355.9020507812443,14.663584,19.121262
True,1024,8,93.0909090909091,2,6,684.7875,1678.8696,1115.8111083984375,17.144514,15.032209
False,1024,8,93.0909090909091,2,6,510.7913,1734.4009,644.5348266601561,11.662603,15.901552
True,1024,8,93.0909090909091,2,7,106.55327,189.65854,347.235882568359,7.1252527,5.1874886
False,1024,8,93.0909090909091,2,7,529.5765,1721.1091,2111.9744628906187,11.493247,16.38544
True,1024,8,93.0909090909091,2,8,640.24835,1533.3297,2408.879296874998,14.642883,16.470572
False,1024,8,93.0909090909091,2,8,527.359,1579.858,2669.5520019531186,11.388872,16.342176
True,1024,8,93.0909090909091,2,9,418.7469,1586.2817,353.04845581054684,10.026179,14.752284
False,1024,8,93.0909090909091,2,9,906.9343,1237.9977,2725.760742187497,21.774536,14.297012
True,1024,16,53.89473684210526,2,0,206.45284,355.99042,684.6667846679677,10.146711,7.1076913
False,1024,16,53.89473684210526,2,0,312.70276,901.85547,1395.5225585937465,9.857803,11.875054
True,1024,16,53.89473684210526,2,1,66.103485,104.062744,216.9898345947264,5.6602297,4.0892563
False,1024,16,53.89473684210526,2,1,383.91632,774.3319,1378.6046874999988,12.206852,11.829924
True,1024,16,53.89473684210526,2,2,131.43622,195.56604,634.7811401367175,8.198834,5.944739
False,1024,16,53.89473684210526,2,2,552.276,1859.3501,1299.2189941406218,12.449893,16.26626
True,1024,16,53.89473684210526,2,3,68.67079,89.77721,275.09797363281245,5.939903,3.9370735
False,1024,16,53.89473684210526,2,3,561.76306,1980.8878,1969.8707031249942,10.951565,17.506193
True,1024,16,53.89473684210526,2,4,494.01633,992.82227,715.568798828125,15.777781,10.880942
False,1024,16,53.89473684210526,2,4,664.2628,2592.9385,1356.6477294921835,11.660201,19.1828
True,1024,16,53.89473684210526,2,5,267.24188,1041.533,363.59647216796793,7.738261,11.916424
False,1024,16,53.89473684210526,2,5,786.20844,3017.031,1006.7729492187481,13.157987,20.448898
True,1024,16,53.89473684210526,2,6,217.88472,492.93307,944.7192626953101,9.20839,8.82029
False,1024,16,53.89473684210526,2,6,255.90527,529.4829,1378.056738281247,9.665907,10.034201
True,1024,16,53.89473684210526,2,7,701.3809,1288.2489,1127.2594482421873,19.116545,12.703453
False,1024,16,53.89473684210526,2,7,435.2279,1483.172,718.7939331054688,11.07224,14.445251
True,1024,16,53.89473684210526,2,8,250.6629,556.94434,895.9711914062483,10.330623,9.20452
False,1024,16,53.89473684210526,2,8,216.83699,700.1053,442.20737304687424,7.976886,10.031144
True,1024,16,53.89473684210526,2,9,138.43756,215.0908,416.65857543945305,8.255469,5.913178
False,1024,16,53.89473684210526,2,9,527.0458,1721.4552,1360.1603637695289,11.935799,15.981758
True,1024,32,29.257142857142856,2,0,140.83246,314.7082,997.8010986328097,7.4122486,7.2201
False,1024,32,29.257142857142856,2,0,137.2736,507.68643,152.88333129882812,6.02167,8.411225
True,1024,32,29.257142857142856,2,1,161.14644,349.8507,887.3678710937481,7.7829237,7.7323575
False,1024,32,29.257142857142856,2,1,154.91391,269.6825,883.2465209960924,8.181187,6.9381146
True,1024,32,29.257142857142856,2,2,261.60443,701.4777,962.863061523437,9.161795,10.729562
False,1024,32,29.257142857142856,2,2,446.4098,1536.6858,1411.1180908203091,10.246089,15.310381
True,1024,32,29.257142857142856,2,3,332.7956,1197.329,349.087362670898,9.7457695,12.646506
False,1024,32,29.257142857142856,2,3,727.4204,2881.5378,1086.8733398437475,12.025866,20.201595
True,1024,32,29.257142857142856,2,4,66.19155,110.538956,264.5644165039059,5.654707,4.0875707
False,1024,32,29.257142857142856,2,4,352.7027,1379.5801,331.01824340820264,9.089212,13.610865
True,1024,32,29.257142857142856,2,5,304.1342,1074.8439,324.54755249023424,9.380338,11.954495
False,1024,32,29.257142857142856,2,5,475.89105,1567.2197,1348.4598022460914,11.449659,15.1361685
True,1024,32,29.257142857142856,2,6,76.31008,73.43065,206.91318664550772,6.517702,3.6519659
False,1024,32,29.257142857142856,2,6,412.7097,1507.9839,560.9701416015621,10.4544735,14.27024
True,1024,32,29.257142857142856,2,7,365.87875,717.2743,667.1181884765624,13.344177,9.98058
False,1024,32,29.257142857142856,2,7,249.75133,517.2406,1677.91437988281,9.56846,9.79647
True,1024,32,29.257142857142856,2,8,88.19602,196.70409,421.0244079589833,5.9998884,5.472018
False,1024,32,29.257142857142856,2,8,539.2705,1999.5531,994.6025634765601,11.047909,16.893469
True,1024,32,29.257142857142856,2,9,416.19125,838.7908,732.3632690429682,14.349995,10.480138
False,1024,32,29.257142857142856,2,9,353.60767,1193.2683,1453.9726562499955,8.993797,13.724535
True,1024,64,15.283582089552239,2,0,92.71759,245.14908,230.17769165039016,6.022289,5.7609797
False,1024,64,15.283582089552239,2,0,229.66092,763.76385,746.1254760742166,7.8600173,10.580646
True,1024,64,15.283582089552239,2,1,325.40878,524.6822,1304.0246582031227,12.508584,9.248209
False,1024,64,15.283582089552239,2,1,812.84094,3340.8389,711.5625610351555,12.117557,21.618727
True,1024,64,15.283582089552239,2,2,132.75964,250.09494,699.4302246093731,7.5809507,6.2367926
False,1024,64,15.283582089552239,2,2,336.84528,1070.3147,343.75809326171867,10.770256,11.692301
True,1024,64,15.283582089552239,2,3,366.59595,775.29443,1135.8421386718746,12.169377,11.396916
False,1024,64,15.283582089552239,2,3,43.41251,46.432552,151.93327026367172,4.892765,2.7064188
True,1024,64,15.283582089552239,2,4,59.672295,58.340504,154.93795166015622,5.998302,3.0216532
False,1024,64,15.283582089552239,2,4,132.63663,240.68562,464.47015991210867,7.546703,6.460778
True,1024,64,15.283582089552239,2,5,113.26596,237.71445,658.6783813476544,6.9907537,6.180651
False,1024,64,15.283582089552239,2,5,191.83208,400.3236,820.7670043945301,8.973028,7.8872056
True,1024,64,15.283582089552239,2,6,111.915184,230.098,346.1313598632808,7.227108,5.5924096
False,1024,64,15.283582089552239,2,6,214.49269,489.45554,561.3413940429685,9.543429,8.441882
True,1024,64,15.283582089552239,2,7,64.302826,95.820915,277.3326293945308,5.680873,3.8554883
False,1024,64,15.283582089552239,2,7,335.19034,1150.5917,798.6683959960935,9.111195,13.128281
True,1024,64,15.283582089552239,2,8,115.4856,211.1251,494.1238830566406,7.2366896,5.888196
False,1024,64,15.283582089552239,2,8,196.86139,570.20074,499.1469482421865,8.212127,8.947866
True,1024,64,15.283582089552239,2,9,541.3904,1970.5544,963.2859619140601,11.982301,16.4587
False,1024,64,15.283582089552239,2,9,132.92207,267.80292,806.4097290039051,7.139311,6.965798
